{
    "fixed_rvec": [
        [
            0.04305172859934557
        ],
        [
            -0.05611814642941955
        ],
        [
            -1.6114206724750122
        ]
    ],
    "fixed_tvec": [
        [
            0.027664996382460207
        ],
        [
            0.09198391211429793
        ],
        [
            0.36582408212660045
        ]
    ]
}